{"cpu_usage": 10.1, "ram_usage": {"used": 134.92578125, "total": 909.62890625, "percent": 22.0}}